<?xml version='1.0' encoding='utf-8'?>
<!DOCTYPE hibernate-configuration PUBLIC
    "-//Hibernate/Hibernate Configuration DTD//EN"
    "http://www.hibernate.org/dtd/hibernate-configuration-3.0.dtd">
<hibernate-configuration>
  <session-factory>
    <property name="dialect">org.hibernate.dialect.PostgreSQL95Dialect</property>
    <property name="connection.url">jdbc:postgresql://localhost:5432/francis</property>
    <property name="connection.driver_class">org.postgresql.Driver</property>
    <property name="current_session_context_class">thread</property>
    <property name="hibernate.default_schema">ambulance</property>
    <property name="show_sql">true</property> <!-- Show SQL in console -->
    <property name="format_sql">true</property> <!-- Show SQL formatted -->
    <property name="connection.username">francis</property>
      <property name="connection.password">achanger</property>
    <!--     DB schema will be updated if needed-->
    <property name="hibernate.hbm2ddl.auto">update</property>
    <mapping class="postgres.Ambulance"/>
    <mapping class="postgres.Ambulancier"/>
    <mapping class="postgres.Evenement"/>
    <mapping class="postgres.Intervention"/>
    <mapping class="postgres.Pointdedepart"/>
    <mapping class="postgres.Quarttravail"/>

  </session-factory>
</hibernate-configuration>